title,url,view,channel_name,channel_subscriber,create_stamp
【ANIMAX】《路人超能100 第2季》8/17起 每晚 9:30,/watch?v=Zj3nBkiRw_0,152.0,ANIMAXTW,12500.0,1週間前
【ANIMAX】《JoJo 的奇妙冒險：不滅鑽石》8/16起 每晚 10:00 播出,/watch?v=ZE5SFyD0AFs,153.0,ANIMAXTW,12500.0,1週間前
【ANIMAX 】《輝夜姬想讓人告白? 天才們的戀愛頭腦戰》全新第二季 8/19起 每晚 7:30 #週四五除外,/watch?v=U8BsX-dkFOo,670.0,ANIMAXTW,12500.0,1週間前
【ANIMAX 】 《鋼之鍊金術師 BROTHERHOOD》8/18起 每晚 8:00 播出,/watch?v=oHVMAn7yhTE,234.0,ANIMAXTW,12500.0,1週間前
【ANIMAX 新番急送】 《Re:從零開始的異世界生活 第二季》每週四晚上 7:30 全台首播,/watch?v=1mM6jL_QcrI,563.0,ANIMAXTW,12500.0,4週間前
【ANIMAX 新番急送】 《炎炎消防隊 貳之章》每週五晚間 7:30 全台獨家首播,/watch?v=FVaUBSLhDa4,333.0,ANIMAXTW,12500.0,4週間前
【ANIMAX 7月強檔 #全台首播】 《Re:從零開始的異世界生活 冰結之絆》7/8 晚上7:00 雙聲道*播出,/watch?v=S878hZpMhUc,826.0,ANIMAXTW,12500.0,1か月前
【ANIMAX 7月強檔 #全台首播】 《博多豚骨拉麵團》7/12起 每晚 9:30 雙聲道*播出,/watch?v=rl7czuOUk-s,456.0,ANIMAXTW,12500.0,2か月前
【ANIMAX 7月強檔 #全台首播】 《Re:從零開始的異世界生活 Memory Snow》7/7 晚上7:00 雙聲道*播出,/watch?v=5kvvu3n4_0w,522.0,ANIMAXTW,12500.0,2か月前
【ANIMAX 6月強檔 #全台首播】 《Re:從零開始的異世界生活 (新編輯版)》6/24起 每晚 7:00,/watch?v=m53JsD1hV4o,421.0,ANIMAXTW,12500.0,2か月前
【ANIMAX 6月強檔 #全台獨家首播】 《暗黑破壞神在身邊。》6/2起 每晚 6:30,/watch?v=wSoqz5BFmPg,1592.0,ANIMAXTW,12500.0,2か月前
【ANIMAX 六月強檔動漫】,/watch?v=dG8LaZGY1CY,1246.0,ANIMAXTW,12500.0,2か月前
Animax HD《K SEVEN STORIES》5/17 晚間 10:30 首播，5/18 起每晚 10:40 播出 *雙聲道播出,/watch?v=e83bEZ54DyQ,1128.0,ANIMAXTW,12500.0,3か月前
ANIMAX《地縛少年花子君》5/27起 每晚 10:30  雙聲道*播出,/watch?v=JiMwKDEnII4,856.0,ANIMAXTW,12500.0,3か月前
ANIMAX《最終休止符~無止境的螺旋物語~》5/21起 每晚 6:30,/watch?v=k1swHoFB0Ec,647.0,ANIMAXTW,12500.0,3か月前
《爆肝工程師的異世界狂想曲》5/13(三)起 每晚 7:30 雙聲道* 播出,/watch?v=kgVmNWb8d04,529.0,ANIMAXTW,12500.0,3か月前
Animax HD《獵人(新版)》每晚 6:00 連播兩集 *雙聲道播出,/watch?v=GSQrMwosc8I,493.0,ANIMAXTW,12500.0,3か月前
ANIMAX《黃金神威》每晚 8:30 #即將邁入大結局,/watch?v=ecyUg5ZR8p8,750.0,ANIMAXTW,12500.0,3か月前
【ANIMAX 5月強檔 #全台首播】 《音樂少女》5/12起 每晚 8:30,/watch?v=fYrCprQ_mgo,845.0,ANIMAXTW,12500.0,3か月前
【ANIMAX 五月強檔動漫】,/watch?v=907_kFPKjhI,1004.0,ANIMAXTW,12500.0,3か月前
ANIMAX《少女終末旅行》3/19 起每晚 6:30,/watch?v=J7T9PYQNBm8,629.0,ANIMAXTW,12500.0,5か月前
ANIMAX《超人高中生們即便在異世界也能從容生存!》3/18 起每晚 7:30,/watch?v=XNdrPgHIojE,618.0,ANIMAXTW,12500.0,5か月前
【喜劇日常番《小惡魔女在街角》】必看場面第 4 集,/watch?v=NNY4awrP5vw,1621.0,ANIMAXTW,12500.0,6か月前
【喜劇日常番《小惡魔女在街角》】必看場面第 3 集,/watch?v=9jszi4KCQhI,1018.0,ANIMAXTW,12500.0,6か月前
【喜劇日常番《小惡魔女在街角》】必看場面第 2 集 Part 2,/watch?v=jG50wGN1n2Q,733.0,ANIMAXTW,12500.0,6か月前
【喜劇日常番《小惡魔女在街角》】必看場面第 2 集 Part 1,/watch?v=EX_Z-uhxsPk,837.0,ANIMAXTW,12500.0,6か月前
【喜劇日常番《小惡魔女在街角》】必看場面第 1 集,/watch?v=WXzkmsiy0Zo,1107.0,ANIMAXTW,12500.0,6か月前
《滿月之戰 GRANBELM》12/25 起晚間 9:30 全台首播,/watch?v=3nF76mPtRVw,13270.0,ANIMAXTW,12500.0,6か月前
【獨家直擊】C3 Anime Festival Asia Singapore 2019：May'n,/watch?v=Nzon9DtYbo4,328.0,ANIMAXTW,12500.0,6か月前
《多田君不戀愛,,,,,
》12/12 (四) 起每晚 10:30  Animax 全台獨家首播,/watch?v=ufjJqq_dFgg,15279.0,ANIMAXTW,12500.0,6か月前
【獨家直擊】C3 Anime Festival Asia Singapore 2019：茅原實里,/watch?v=IWbllGgfvsw,520.0,ANIMAXTW,12500.0,6か月前
Animax 鼠年賀新春！每晚帶給你最新、最強檔的日本動畫！,/watch?v=mo7xg0L8jl8,139675.0,ANIMAXTW,12500.0,7か月前
Animax 強片連環！熱血動作番　每晚 6 點起熱播不間斷！,/watch?v=aOGStrQL0y0,86775.0,ANIMAXTW,12500.0,7か月前
《地縛少年花子君》每週日晚間 9:30 與日本同週播出,/watch?v=dGkpMbhM0is,28066.0,ANIMAXTW,12500.0,7か月前
《獵人 (新版)》1/14、《JOJO 的奇妙冒險 黃金之風》1/22 起兩集連播,/watch?v=BjA6qHjQdMQ,174646.0,ANIMAXTW,12500.0,7か月前
《炎炎消防隊》全系列 1/16（四）起雙聲道播出,/watch?v=_6zEF6owjvk,13719.0,ANIMAXTW,12500.0,7か月前
《JoJo 的奇妙冒險：星塵遠征軍》12/9 (一) 起，Animax 頻道，每晚 8 點兩集連播,/watch?v=plOeXT_W2zA,13962.0,ANIMAXTW,12500.0,8か月前
《JoJo 的奇妙冒險：星塵遠征軍》今晚 8 點，Animax 頻道兩集連播,/watch?v=LngH30sYbLw,13073.0,ANIMAXTW,12500.0,8か月前
《三顆星彩色冒險》每晚 6:30，Animax 頻道，全台獨家首播,/watch?v=n4HHqYIgX5A,13590.0,ANIMAXTW,12500.0,8か月前
《妖怪手錶 光影之卷》12/16 起每晚 6:30 雙聲道播出,/watch?v=PfrAZ5k2EHE,15100.0,ANIMAXTW,12500.0,8か月前
【ANIMAX 快報】May'n 獨家專訪,/watch?v=fqfofwM0euA,564.0,ANIMAXTW,12500.0,9か月前
【ANIMAX 9月強檔 必看場面】《炎炎消防隊》- 超燃演出 - 櫻飛雪,/watch?v=ECyTuJUbyDo,5199.0,ANIMAXTW,12500.0,10か月前
【ANIMAX 9月強檔 必看場面】《炎炎消防隊》- 超燃演出 - 被我灼熱的花燒盡凋零吧！,/watch?v=RYh4BmmYmNI,948.0,ANIMAXTW,12500.0,10か月前
【ANIMAX 9月強檔 必看場面】《炎炎消防隊》- 超燃演出 - 紫電一閃 雜魚的逆襲,/watch?v=rDuTsHqNsNA,5249.0,ANIMAXTW,12500.0,10か月前
【ANIMAX 9月強檔 必看場面】《炎炎消防隊》- 超燃演出 - 透岸裡的逆流超級泡泡糖,/watch?v=gVcr1ndsjYc,578.0,ANIMAXTW,12500.0,10か月前
【ANIMAX 9月強檔 必看場面】《炎炎消防隊》- 超燃演出 - 第 8 特殊消防隊與節男宮本的戰鬥 Part 2,/watch?v=lIU9FV-xk18,1226.0,ANIMAXTW,12500.0,10か月前
【ANIMAX 9月強檔 必看場面】《炎炎消防隊》- 超燃演出 - 第 8 特殊消防隊與節男宮本的戰鬥 Part 1,/watch?v=JTSA_fVyAKU,1831.0,ANIMAXTW,12500.0,10か月前
【ANIMAX 9月強檔 必看場面】《炎炎消防隊》- 超燃演出 - 你在說誰是個獨眼巨猩？！,/watch?v=0b_m9SfzWdY,36915.0,ANIMAXTW,12500.0,10か月前
【ANIMAX 9月強檔 必看場面】《炎炎消防隊》- 超燃演出 - 有一種焰人承受的劇痛,/watch?v=82J3i2r5daE,846.0,ANIMAXTW,12500.0,10か月前
【ANIMAX 9月強檔 必看場面】《炎炎消防隊》- 超燃演出 - 必須成為英雄的森羅,/watch?v=ylYw0LMAAxE,674.0,ANIMAXTW,12500.0,10か月前
Animax Yokai Watch Shadowside TX,/watch?v=KfwjFbQbI68,306133.0,ANIMAXTW,12500.0,1年前
Animax Yokai Watch Shadowside 15秒,/watch?v=l9iwpfZALGE,1298.0,ANIMAXTW,12500.0,1年前
ANIMAX 4月  #新鮮速遞《請讓我撒嬌，仙狐大人！》,/watch?v=N-wyngBOURs,7582.0,ANIMAXTW,12500.0,1年前
ANIMAX《#魔法律事務所》,/watch?v=VBn5mgZuads,3222.0,ANIMAXTW,12500.0,1年前
【ANIMAX 3月強檔 :《#無論何時我們的戀情都是10厘米》】,/watch?v=IYVJAY_uTSc,4623.0,ANIMAXTW,12500.0,1年前
ANIMAX【OO-Kun & Friends : 2019 新年快樂】,/watch?v=V_aeyVoIf0Q,845.0,ANIMAXTW,12500.0,1年前
【ANIMAX #心跳時刻】,/watch?v=CyC-vn6IXdA,1590.0,ANIMAXTW,12500.0,1年前
【ANIMAX春節強檔動漫《#魯邦三世 Part 5》】,/watch?v=bLdvOMBP7Ns,2444.0,ANIMAXTW,12500.0,1年前
ANIMAX HD《驅魔少年》,/watch?v=o3cW9cLRD7M,1944.0,ANIMAXTW,12500.0,1年前
ANIMAX 2019 重新定義 感官體驗,/watch?v=u-98j38KXW0,5080.0,ANIMAXTW,12500.0,1年前
【ANIMAX 1月強檔 #新番急送】 《#約會大作戰 III》,/watch?v=pNqsC46V_9k,4235.0,ANIMAXTW,12500.0,1年前
【ANIMAX 1月強檔 #新番急送】 《#路人超能100 第2季》,/watch?v=VGgbKAHjBFA,2673.0,ANIMAXTW,12500.0,1年前
ANIMAX【OO-Kun & Friends : ChuChu 的天敵】,/watch?v=OFJTU44qado,1096.0,ANIMAXTW,12500.0,1年前
ANIMAX【OO-Kun & Friends : OO-Kun有超能力!?】,/watch?v=8AnL1sbCc_A,1119.0,ANIMAXTW,12500.0,1年前
ANIMAX【OO-Kun & Friends : 大明星 Imo 超好野 】,/watch?v=y3fDvczb-7U,581.0,ANIMAXTW,12500.0,1年前
ANIMAX【OO-Kun & Friends:  Miruku 的驚人秘密】,/watch?v=GzlWSU0oFPA,1337.0,ANIMAXTW,12500.0,1年前
【ANIMAX 11月強檔 #全台首播】 《銀河英雄傳說 Die Neue These》Legend of the Galactic Heroes 11/28起 每晚 21:30,/watch?v=wIYXkB6tKOw,16642.0,ANIMAXTW,12500.0,1年前
【ANIMAX 10月強檔 #全台首播】 《閃電十一人 阿瑞斯的天秤》Inazuma Eleven Ares 10/26起 每晚 20:30,/watch?v=Af-JgwyqweM,4780.0,ANIMAXTW,12500.0,1年前
ANIMAX【OO-Kun : ChuChu美髮沙龍篇】,/watch?v=6FxF2Oy5-EI,1636.0,ANIMAXTW,12500.0,1年前
ANIMAX【OO-Kun : 攻守交換篇】,/watch?v=yTCbyhbUq5g,1318.0,ANIMAXTW,12500.0,1年前
【ANIMAX 10月強檔 #新番急送】 《#魔導少年 最終章》10/7起 每週日 20:30 與日本同日放送｜日語原音,/watch?v=6iSEhoWCWdE,3617.0,ANIMAXTW,12500.0,1年前
ANIMAX【OO-Kun :撩妹失敗篇】,/watch?v=Sg_pX1g65jw,3098.0,ANIMAXTW,12500.0,1年前
ANIMAX【OO-Kun :  你來我往篇】,/watch?v=6VHwtjCflsA,1684.0,ANIMAXTW,12500.0,1年前
ANIMAX【OO-Kun : 海底打獵篇】,/watch?v=WrpWJpfljW4,877.0,ANIMAXTW,12500.0,1年前
ANIMAX【OO-Kun : 夢遊篇】,/watch?v=lLHu5Pos18E,693.0,ANIMAXTW,12500.0,1年前
【ANIMAX #全台首播 :《少女終末旅行》】9/29起 每晚 24:30 全台首播,/watch?v=tCTbC2vey_E,1560.0,ANIMAXTW,12500.0,1年前
【ANIMAX #全台首播 :《三次元女友》】9/27起 每晚 21:30 全台首播／日語原音,/watch?v=IU0rAN6Gbgw,6140.0,ANIMAXTW,12500.0,1年前
ANIMAX【OO-Kun :火烤Imo篇】,/watch?v=Ubg471-pdDE,907.0,ANIMAXTW,12500.0,1年前
ANIMAX【OO-Kun :毒蛇上身篇 】,/watch?v=IlLcD8D_15k,838.0,ANIMAXTW,12500.0,2年前
ANIMAX【OO-Kun :洗髮精惡作劇篇 】,/watch?v=IJlKzN-K7p0,991.0,ANIMAXTW,12500.0,2年前
ANIMAX【OO-Kun : 電梯放屁疑雲陷害篇 】,/watch?v=3EciR6NeohU,1470.0,ANIMAXTW,12500.0,2年前
【ANIMAX #全台首播 Code: Realize ~創世的姬君~】8/24起 每晚 24:30 全台首播,/watch?v=yu2n3UlQwfI,3078.0,ANIMAXTW,12500.0,2年前
【ANIMAX #全台首播 :《寶石之國》】8/11起 每晚 20:30 全台首播,/watch?v=R0gzOWfwdT8,2215.0,ANIMAXTW,12500.0,2年前
【ANIMAX #全台首播 :《調教咖啡廳》】8/12起 每晚 24:30 全台首播,/watch?v=920wl_qnHLo,3852.0,ANIMAXTW,12500.0,2年前
【ANIMAX #新番急送 :《魔法律事務所》】8/3 起 每週五 23:00 與日本同日放送,/watch?v=MEBZKhHe-20,3529.0,ANIMAXTW,12500.0,2年前
ANIMAX 7月強檔《#噬血狂襲OVA》+《#噬血狂襲II》 Strike the Blood OVA and II,/watch?v=8NxteqQDio0,5514.0,ANIMAXTW,12500.0,2年前
ANIMAX #全台首播《潔癖男子青山》Clean Freak Aoyama kun,/watch?v=vktsy_RGr3E,2187.0,ANIMAXTW,12500.0,2年前
【ANIMAX #新番急送 :《工作細胞》】7/8起 每週日 21:30 與日本同日放送,/watch?v=fQgqeF1AvZQ,8202.0,ANIMAXTW,12500.0,2年前
Animax 夏日狂歡派對｜開趴狂歡啦！連續八周，連續七檔動漫輪番接替！,/watch?v=gyLY_JmuouM,4150.0,ANIMAXTW,12500.0,2年前
ANIMAX《梵諦岡奇蹟調查官 》,/watch?v=3U_hPGU00AI,2636.0,ANIMAXTW,12500.0,2年前
ANIMAX《Princess Principal》,/watch?v=9vO0Lss8oSU,3290.0,ANIMAXTW,12500.0,2年前
ANIMAX《龍王的工作！》,/watch?v=WJ-Uw9HBc-0,2158.0,ANIMAXTW,12500.0,2年前
ANIMAX《正確的卡多》,/watch?v=5PUZX9ddYaw,3111.0,ANIMAXTW,12500.0,2年前
ANIMAX《帶著智慧型手機闖蕩異世界》,/watch?v=t3echgjrw3w,4739.0,ANIMAXTW,12500.0,2年前
ANIMAX《櫻花任務》5/17起 每晚24:30全台首播,/watch?v=w9-_JHmyqk4,2301.0,ANIMAXTW,12500.0,2年前
ANIMAX：【OO-Kun : 《帶著智慧型手機闖蕩異世界》篇】,/watch?v=yrAi-BOKy94,3692.0,ANIMAXTW,12500.0,2年前
ANIMAX【OO-Kun :  踢踏舞篇 】,/watch?v=4YsMjmj3EUA,928.0,ANIMAXTW,12500.0,2年前
ANIMAX【OO-Kun : 雨傘篇 】,/watch?v=uixSIEUB_n8,666.0,ANIMAXTW,12500.0,2年前
ANIMAX #新番急送 :《妖怪旅館營業》,/watch?v=rXzi0HFaclE,9338.0,ANIMAXTW,12500.0,2年前
ANIMAX《廢天使加百列》,/watch?v=6GaScjOvrUg,10623.0,ANIMAXTW,12500.0,2年前
ANIMAX《奇諾之旅-the Beautiful World-》,/watch?v=loBh2CW55nE,1864.0,ANIMAXTW,12500.0,2年前
【ANIMAX HD #新番急送 :《罪人與龍共舞》】,/watch?v=lfMW7JiEgNw,5662.0,ANIMAXTW,12500.0,2年前
ANIMAX：【OO-Kun : Miruku剃羊毛篇】,/watch?v=7Vf7BFo1nQ8,670.0,ANIMAXTW,12500.0,2年前
ANIMAX 2018 強檔動漫再出擊!,/watch?v=4o-eoEUrQjI,4937.0,ANIMAXTW,12500.0,2年前
ANIMAX：【OO-Kun : 擅長捉弄人的高木同學篇】,/watch?v=PxA469wsIvY,5348.0,ANIMAXTW,12500.0,2年前
ANIMAX《雛邏輯～來自幸運與邏輯～》,/watch?v=7N4s1mKfdIQ,5577.0,ANIMAXTW,12500.0,2年前
ANIMAX《武裝少女 Machiavellism》,/watch?v=4qGtxU43nps,3683.0,ANIMAXTW,12500.0,2年前
ANIMAX《末日時在做什麼? 有沒有空? 可以來拯救嗎?》,/watch?v=GRQu9gFhzs0,4876.0,ANIMAXTW,12500.0,2年前
【ANIMAX 強檔動漫天天播 狗年好運旺旺來】,/watch?v=bwdSkzOr8gM,1310.0,ANIMAXTW,12500.0,2年前
ANIMAX：【OO-Kun : 情人節摩天輪篇】,/watch?v=pbEuOAbOEFY,864.0,ANIMAXTW,12500.0,2年前
"""Picture This Festival"" 拍攝地球節日影片活動",/watch?v=LUCyWQHugjY,405.0,ANIMAXTW,12500.0,2年前
ANIMAX：【OO-Kun -《妖怪公寓的幽雅日常》篇 】,/watch?v=KybyRXhjmM0,1303.0,ANIMAXTW,12500.0,2年前
ANIMAX《妖怪公寓的幽雅日常》,/watch?v=sCF1lakzXpg,1979.0,ANIMAXTW,12500.0,2年前
ANIMAX  新番急送 :《龍王的工作》,/watch?v=f98-Hd5ke0o,9841.0,ANIMAXTW,12500.0,2年前
ANIMAX HD《擅長捉弄人的高木同學》,/watch?v=Glbv0Zk1Hp0,28787.0,ANIMAXTW,12500.0,2年前
ANIMAX：【OO-Kun - 告白篇part 2 】,/watch?v=hpM63h5iCT8,862.0,ANIMAXTW,12500.0,2年前
ANIMAX 10月新番急送《悠久持有者！》,/watch?v=hgnKWFG4bL4,1779.0,ANIMAXTW,12500.0,2年前
ANIMAX《覆面系NOISE》12/01起 每晚21:30全台首播,/watch?v=_oQjAHtJDBM,4418.0,ANIMAXTW,12500.0,2年前
ANIMAX：【OO-Kun -韓國篇 】,/watch?v=ZYWwSDL02-g,781.0,ANIMAXTW,12500.0,2年前
ANIMAX：【OO-Kun -地獄少女宵伽篇 】,/watch?v=vH0SaWZNehg,3985.0,ANIMAXTW,12500.0,2年前
ANIMAX HD 《亞爾斯蘭戰記》,/watch?v=ljZhcuopvXI,2637.0,ANIMAXTW,12500.0,2年前
ANIMAX：【OO-Kun -潛水告白篇 】,/watch?v=GElmLnMq-xo,1151.0,ANIMAXTW,12500.0,2年前
ANIMAX：【OO-Kun -京都篇 】,/watch?v=pRgnr5ZWJlg,736.0,ANIMAXTW,12500.0,2年前
ANIMAX HD10月 新番急送 : 《奇諾之旅》,/watch?v=yP-TTr0BoLc,2674.0,ANIMAXTW,12500.0,2年前
ANIMAX 10月新番急送 : 《悠久持有者！》,/watch?v=beX8uBBeW7U,3990.0,ANIMAXTW,12500.0,2年前
ANIMAX 2017 強檔動漫,/watch?v=E84X9vP5yQs,3659.0,ANIMAXTW,12500.0,2年前
ANIMAX《地獄少女宵伽》10/11起 每晚21:30 全台首播,/watch?v=ULucarrrdtU,7336.0,ANIMAXTW,12500.0,2年前
ANIMAX《JoJo的奇妙冒險:星塵遠征軍》,/watch?v=B52chXFiwZo,10169.0,ANIMAXTW,12500.0,3年前
ANIMAX《JoJo 的奇妙冒險》,/watch?v=oI59qMEPY70,14997.0,ANIMAXTW,12500.0,3年前
ANIMAX《夏日出任務》,/watch?v=-CpwCYQF1pI,1319.0,ANIMAXTW,12500.0,3年前
ANIMAX《JoJo的奇妙冒險: 不滅鑽石》,/watch?v=vzpQXUSHUK4,15227.0,ANIMAXTW,12500.0,3年前
ANIMAX《火星任務》第一季,/watch?v=ZYXa98ReXnA,3230.0,ANIMAXTW,12500.0,3年前
ANIMAX《暗殺教室》第二季,/watch?v=iIq0qPbbleI,5169.0,ANIMAXTW,12500.0,3年前
ANIMAX《最遊記》,/watch?v=UgFPnLQdnXE,2020.0,ANIMAXTW,12500.0,3年前
ANIMAX HD 暑期強檔 重裝上陣,/watch?v=PQj_-03jAPw,2513.0,ANIMAXTW,12500.0,3年前
ANIMAX《吸血鬼僕人》,/watch?v=D7NLtYYQU8s,11986.0,ANIMAXTW,12500.0,3年前
ANIMAX《火星任務: 復仇》,/watch?v=UEVXSnFxedw,4160.0,ANIMAXTW,12500.0,3年前
ANIMAX《無畏魔女》,/watch?v=7ycjVhDb0Y4,4856.0,ANIMAXTW,12500.0,3年前
ANIMAX 《Hand Shakers》,/watch?v=iIejjby6-dg,2433.0,ANIMAXTW,12500.0,3年前
ANIMAX《混沌之子》,/watch?v=Z__DxHJzODo,4499.0,ANIMAXTW,12500.0,3年前
ANIMAX 《élDLIVE宇宙警探》,/watch?v=bBoG_lCeBrM,3023.0,ANIMAXTW,12500.0,3年前
ANIMAX《鎖鏈戰記 赫克瑟塔斯之光》,/watch?v=TdYCIRj333s,5714.0,ANIMAXTW,12500.0,3年前
ANIMAX HD【新番急送 】《愛麗絲與藏六 》預告2,/watch?v=VKzWS3QoUqc,4834.0,ANIMAXTW,12500.0,3年前
ANIMAX HD【新番急送 】《愛麗絲與藏六 》預告1,/watch?v=ukp7btQALa4,3087.0,ANIMAXTW,12500.0,3年前
ANIMAX《我的英雄學院》全新集數,/watch?v=NlxlIJEzufE,10602.0,ANIMAXTW,12500.0,3年前
ANIMAX：【OO-Kun -馬來西亞篇 】,/watch?v=zQftC4_USDg,1650.0,ANIMAXTW,12500.0,3年前
ANIMAX 《超速變形螺旋傑特》,/watch?v=zoVPect-egA,6575.0,ANIMAXTW,12500.0,3年前
ANIMAX  3/21 起《幸運與邏輯》每晚20:30 全台首播,/watch?v=d0HIg1acPSw,4889.0,ANIMAXTW,12500.0,3年前
ANIMAX：【OO-Kun -和服篇 】,/watch?v=puNjQb19xAU,1665.0,ANIMAXTW,12500.0,3年前
ANIMAX：【OO-Kun -槍彈辯駁篇 】,/watch?v=YaVn-O42dSQ,11764.0,ANIMAXTW,12500.0,3年前
ANIMAX：【OO-Kun -IG篇 】,/watch?v=QNQvn6Wn52w,1176.0,ANIMAXTW,12500.0,3年前
ANIMAX：【OO-Kun -刺繡篇 】,/watch?v=tIXSZvr64ZY,795.0,ANIMAXTW,12500.0,3年前
ANIMAX：【OO-Kun -新加坡篇 】,/watch?v=zzFvUZhqTfE,740.0,ANIMAXTW,12500.0,3年前
ANIMAX 2/19 起《驚鴻騎士傑克斯》2/19 起每晚18:30 全台首播,/watch?v=QLzYZ8Z0AZ8,1494.0,ANIMAXTW,12500.0,3年前
ANIMAX《初戀怪獸》2/20 起每晚22:30 全台首播,/watch?v=KOJmLmGgID8,4477.0,ANIMAXTW,12500.0,3年前
ANIMAX 2/13 起《金田一少年事件簿R》全新集數,/watch?v=cBdIsmPyZc0,38876.0,ANIMAXTW,12500.0,3年前
ANIMAX：【OO-Kun - BanG Dream! 篇 】,/watch?v=VAQ8QjIaZ9A,1248.0,ANIMAXTW,12500.0,3年前
ANIMAX《槍彈辯駁 3》 未來篇 & 絕望篇,/watch?v=hc0EXYIJRzM,10042.0,ANIMAXTW,12500.0,3年前
ANIMAX：【OO-Kun -過新年篇 】,/watch?v=TDEsW9O_txc,1300.0,ANIMAXTW,12500.0,3年前
ANIMAX HD‎ :《輕拍翻轉小魔女》   2/18起馬拉松播出,/watch?v=j_FzCUN-akw,2480.0,ANIMAXTW,12500.0,3年前
ANIMAX HD‎ :《烏龍麵之國的金色毛毯》  2/4起馬拉松播出,/watch?v=I-MyI4Uscu8,2263.0,ANIMAXTW,12500.0,3年前
ANIMAX 1/20起《WWW.WORKING》每晚19:30 全台首播,/watch?v=qxeSFXxAwbQ,3328.0,ANIMAXTW,12500.0,3年前
ANIMAX 1/16起 《七大罪聖戰的預兆》每晚19:30 全台首播,/watch?v=p0tBQ9wzy0U,11052.0,ANIMAXTW,12500.0,3年前
ANIMAX：【OO-Kun -魔導少年篇 】,/watch?v=snRN9SICs4I,3445.0,ANIMAXTW,12500.0,3年前
【ANIMAX HD 1月新番急送 】《BanGDream! 》,/watch?v=Tl25jUfrqNc,3142.0,ANIMAXTW,12500.0,3年前
【Animax HD 】1/23起，頻道位置更換為 MOD 97台,/watch?v=dHCEY1K-30o,3307.0,ANIMAXTW,12500.0,3年前
ANIMAX 1/19起《Re:從零開始的異世界生活》每晚20:00 全台首播,/watch?v=SH3mQ-f-dMs,8571.0,ANIMAXTW,12500.0,3年前
ANIMAX 1/20起《魔導少年》全新集數每晚21:30 全台首播,/watch?v=0xyWPmS0pSs,2760.0,ANIMAXTW,12500.0,3年前
【ANIMAX新番急送】《廢天使加百列 》,/watch?v=cKZXc15Vbj4,13874.0,ANIMAXTW,12500.0,3年前
ANIMAX：【OO-Kun -新年快樂篇 】,/watch?v=GsTOJ3G2Oeg,806.0,ANIMAXTW,12500.0,3年前
ANIMAX：【OO-Kun -聖誕節篇】,/watch?v=kyt80A1XUUA,1242.0,ANIMAXTW,12500.0,3年前
ANIMAX：【OO-Kun -聖誕夜篇】,/watch?v=bgLgiVhlWKc,1080.0,ANIMAXTW,12500.0,3年前
ANIMAX  12/20起《新‧科學小飛俠 insight》每晚22:30 全台首播,/watch?v=qEQk7A7TNAo,4550.0,ANIMAXTW,12500.0,3年前
ANIMAX：【OO-Kun -棒球篇】,/watch?v=3TKnmtZV8OM,575.0,ANIMAXTW,12500.0,3年前
ANIMAX 12/10起《俺物語！！》每晚19:30 全台首播,/watch?v=RLRz51fjCNU,4895.0,ANIMAXTW,12500.0,3年前
ANIMAX：【OO-Kun -馬戲團篇】,/watch?v=Nt3fSrHqyTo,709.0,ANIMAXTW,12500.0,3年前
ANIMAX：【OO-Kun -闖禍篇】,/watch?v=qNcTsLi4AS8,859.0,ANIMAXTW,12500.0,3年前
ANIMAX 11/26起《Hello!!黃金拼圖》每晚22:30 全台首播,/watch?v=qIPh4gY4pFQ,3779.0,ANIMAXTW,12500.0,3年前
ANIMAX：【OO-Kun -《烏龍麵之國的金色毛毯》篇 】,/watch?v=5ANylE_Ao9Q,2398.0,ANIMAXTW,12500.0,3年前
ANIMAX：【OO-Kun -萬聖節快樂篇 】,/watch?v=pd6V4fgUDOs,987.0,ANIMAXTW,12500.0,3年前
ANIMAX 11/7起《美男高校地球防衛部Love!》每晚22:30 全台首播,/watch?v=qrHY-c7mQUU,3361.0,ANIMAXTW,12500.0,3年前
ANIMAX：【OO-Kun -ChuChu生活智慧王篇 】,/watch?v=XrzZ7QZTTc8,808.0,ANIMAXTW,12500.0,3年前
【ANIMAX‎ 新番急送‬】《輕拍翻轉小魔女》,/watch?v=rBPIhOqSxoU,5390.0,ANIMAXTW,12500.0,3年前
【ANIMAX‎ 新番急送‬】《烏龍麵之國的金色毛毯》,/watch?v=6J3LJHMJcV8,6171.0,ANIMAXTW,12500.0,3年前
ANIMAX 10/10起《半田君傳說》每晚19:30 全台首播,/watch?v=kOSNwow_oDo,4691.0,ANIMAXTW,12500.0,3年前
ANIMAX：【OO-Kun -Imo的詭計篇3 】,/watch?v=2rEifsy4lq4,554.0,ANIMAXTW,12500.0,3年前
ANIMAX 9/18起《笑傲曇天》每晚22:30全台首播,/watch?v=yX76saBGoqg,3395.0,ANIMAXTW,12500.0,3年前
ANIMAX：【OO-Kun -Segway篇 】,/watch?v=WEN_nqjvWIg,629.0,ANIMAXTW,12500.0,3年前
ANIMAX 9/16起《赤髮白雪姬》第二季每晚21:30 全台首播,/watch?v=PY3ZJTgWRMo,27896.0,ANIMAXTW,12500.0,3年前
ANIMAX：【OO-Kun -雙星之陰陽師篇 】,/watch?v=ZujX4ycmFs8,10845.0,ANIMAXTW,12500.0,3年前
ANIMAX：【OO-Kun -一見鍾情篇 】,/watch?v=YiSemcS8JB8,1030.0,ANIMAXTW,12500.0,3年前
ANIMAX：【OO-Kun -吃麵篇 】,/watch?v=o-X3Aex0fto,891.0,ANIMAXTW,12500.0,4年前
ANIMAX：【OO-Kun -奧運 : OO-Kun篇 】,/watch?v=HERTP1DFbvk,709.0,ANIMAXTW,12500.0,4年前
ANIMAX：【OO-Kun -奧運 : ChuChu篇 】,/watch?v=8N98FKWBZq8,832.0,ANIMAXTW,12500.0,4年前
ANIMAX 8/22起《中二病也想談戀愛！戀》每晚21:30全台首播,/watch?v=pyGIGg0uGxs,3909.0,ANIMAXTW,12500.0,4年前
ANIMAX：【OO-Kun -奧運 : Imo篇 】,/watch?v=SjRzVSgyRNs,567.0,ANIMAXTW,12500.0,4年前
ANIMAX HD 8月超人氣強檔動漫,/watch?v=QCDQcXqod4k,6076.0,ANIMAXTW,12500.0,4年前
ANIMAX：【OO-Kun -奧運 : Miruku篇 】,/watch?v=Qab6Xw1XG2w,585.0,ANIMAXTW,12500.0,4年前
ANIMAX 8/14起《在下坂本，有何貴幹？》每晚20:30播出,/watch?v=4jsW034Ikew,3631.0,ANIMAXTW,12500.0,4年前
ANIMAX：【OO-Kun -青年黑傑克篇 】,/watch?v=pEU-UwUUewY,3804.0,ANIMAXTW,12500.0,4年前
ANIMAX 8/2起《青年黑傑克》每晚20:30 全台首播,/watch?v=1ECY7ur_-Z0,3675.0,ANIMAXTW,12500.0,4年前
ANIMAX 2016全新風貌！,/watch?v=kH6W2DPXspQ,3282.0,ANIMAXTW,12500.0,4年前
ANIMAX 7/28起《精靈使的劍舞》每晚21:30 全台首播,/watch?v=fu-s3VkloL0,9140.0,ANIMAXTW,12500.0,4年前
ANIMAX：【OO-Kun -夏日海灘篇 】,/watch?v=bk7PGqfoSWM,623.0,ANIMAXTW,12500.0,4年前
ANIMAX：【OO-Kun -公車白日夢篇 】,/watch?v=H6lZlkJbv6g,526.0,ANIMAXTW,12500.0,4年前
ANIMAX 7/12起《路人超能100》每週二 22：30 ‪‎與日本同日放送‬,/watch?v=iAe9TTLTKj4,4856.0,ANIMAXTW,12500.0,4年前
【ANIMAX‎ 新番急送‬】《‪‎驅魔少年HALLOW‬》,/watch?v=zOcHdQqZyow,14761.0,ANIMAXTW,12500.0,4年前
ANIMAX7/16起 《一拳超人》每晚19:30 全台首播,/watch?v=Svo1Gui3L90,4424.0,ANIMAXTW,12500.0,4年前
ANIMAX：【OO-Kun -Imo圈套篇 】,/watch?v=vKes0nXvWpI,837.0,ANIMAXTW,12500.0,4年前
ANIMAX 7/15起《偽戀:(第2期)》每晚18:30全台首播,/watch?v=xcSYX5RSjnw,6570.0,ANIMAXTW,12500.0,4年前
ANIMAX《夏日最狂》 暑期強檔動漫,/watch?v=uZFXvhpGv6c,2238.0,ANIMAXTW,12500.0,4年前
ANIMAX HD《夏日最狂》 暑期強檔動漫,/watch?v=sDoLLkWsBs0,1815.0,ANIMAXTW,12500.0,4年前
ANIMAX：【OO-Kun -ChuChu生病篇 】,/watch?v=qJ1iFKqheRQ,816.0,ANIMAXTW,12500.0,4年前
ANIMAX：【OO-Kun -Imo的計畫篇 】,/watch?v=-CXIoB3ckAY,767.0,ANIMAXTW,12500.0,4年前
ANIMAX：【OO-Kun -偽戀篇 】,/watch?v=nxOaQyzh2bg,9865.0,ANIMAXTW,12500.0,4年前
ANIMAX 6/25起《偽戀》每晚18:30兩季連播,/watch?v=AHFhTZWmPEw,15579.0,ANIMAXTW,12500.0,4年前
‎ANIMAX【夏日最狂 】贈獎活動,/watch?v=1koM32Iae5c,1041.0,ANIMAXTW,12500.0,4年前
ANIMAX：【OO-Kun -空降篇 】,/watch?v=5yikwqwEK8E,543.0,ANIMAXTW,12500.0,4年前
ANIMAX 6/21起《三坪房間的侵略者!?》每晚19:30全台首播,/watch?v=38F-EjrmBi4,8653.0,ANIMAXTW,12500.0,4年前
ANIMAX：【OO-Kun -偷懶篇 】,/watch?v=uy-AD3CEKw0,631.0,ANIMAXTW,12500.0,4年前
ANIMAX 6/2起《無頭騎士異聞錄x2 》三部曲連播,/watch?v=qtBPLx_Dheg,3158.0,ANIMAXTW,12500.0,4年前
ANIMAX HD 《在下坂本，有何貴幹？》正式預告,/watch?v=SuuB6bfjdhs,13433.0,ANIMAXTW,12500.0,4年前
ANIMAX5/25起 《少年好萊塢 -HOLLY STAGE FOR 50- 》全台首播,/watch?v=9YJAFOtMGqE,1626.0,ANIMAXTW,12500.0,4年前
ANIMAX5/20起《幕末ROCK 》每晚21:30 全台首播,/watch?v=XTofzslzEJ8,1272.0,ANIMAXTW,12500.0,4年前
ANIMAX：【OO-Kun 母親節篇 】,/watch?v=S3ChRsc4Ya8,992.0,ANIMAXTW,12500.0,4年前
ANIMAX5/20起 《緋彈的亞莉亞AA》每晚20:30 全台首播,/watch?v=XfjRxy4NCu8,3620.0,ANIMAXTW,12500.0,4年前
ANIMAX：【OO-Kun -貼心篇 】,/watch?v=YF6uEOF_UUA,3672.0,ANIMAXTW,12500.0,4年前
ANIMAX HD《在下坂本，有何貴幹？》 5/7起，每週六23:30 全台首播,/watch?v=nrowYZORLJo,21908.0,ANIMAXTW,12500.0,4年前
ANIMAX 四月新番急送：《雙星之陰陽師》 預告#2,/watch?v=-9y7wr8-lyQ,11314.0,ANIMAXTW,12500.0,4年前
ANIMAX：【OO-Kun -蟑螂篇 】,/watch?v=CA7KkyZVGbE,2051.0,ANIMAXTW,12500.0,4年前
ANIMAX：【OO-Kun -赤髮白雪姬篇 】,/watch?v=sCiLzLUMnTY,13921.0,ANIMAXTW,12500.0,4年前
ANIMAX：【OO-Kun -武術課篇 】,/watch?v=MzJKAhnXxiU,2100.0,ANIMAXTW,12500.0,4年前
ANIMAX：【OO-Kun -開門篇 】,/watch?v=bdRjtMBBuG4,1077.0,ANIMAXTW,12500.0,4年前
ANIMAX：【OO-Kun -櫻花季篇 】,/watch?v=oPtis5JSipw,1351.0,ANIMAXTW,12500.0,4年前
ANIMAX：【OO-Kun -2016強檔篇 】,/watch?v=vMcFasPd7a4,6106.0,ANIMAXTW,12500.0,4年前
ANIMAX 四月新番急送：《我的英雄學院‬》,/watch?v=mDbXtBxeIqk,20961.0,ANIMAXTW,12500.0,4年前
《ANIMAX MUSIX 2014 橫濱音樂祭》,/watch?v=fSHYNKPZdq8,2515.0,ANIMAXTW,12500.0,4年前
《ANIMAX MUSIX 2015 橫濱音樂祭》,/watch?v=EFYZMk5qBRw,4277.0,ANIMAXTW,12500.0,4年前
ANIMAX：【OO-Kun -冰山篇 】,/watch?v=QRl5hDZAIk0,700.0,ANIMAXTW,12500.0,4年前
ANIMAX 四月新番急送：《雙星之陰陽師》,/watch?v=_bGRPhxX4Vw,9708.0,ANIMAXTW,12500.0,4年前
《ANIMAX MUSIX 2015 大阪音樂祭》,/watch?v=OU3-H1yVmpU,5387.0,ANIMAXTW,12500.0,4年前
ANIMAX 2016 最新強檔動漫,/watch?v=z1Q-Dm81zJU,26640.0,ANIMAXTW,12500.0,4年前
ANIMAX：【OO-Kun -友情篇 】,/watch?v=YYmKvcs668g,623.0,ANIMAXTW,12500.0,4年前
ANIMAX：【OO-Kun -相思篇 】,/watch?v=LUBS83q8we4,1857.0,ANIMAXTW,12500.0,4年前
《‪魔鬼剋星‬》7/15與全美同步,/watch?v=eZTOeUEKOA4,693.0,ANIMAXTW,12500.0,4年前
ANIMAX：【OO-Kun -巧遇 Chu Chu篇 】,/watch?v=oPVORDJoVlU,6111.0,ANIMAXTW,12500.0,4年前
ANIMAX3/10起《CrossAnge天使與龍的輪舞》每晚21:30 全台首播,/watch?v=4rwrwQRlfQg,17320.0,ANIMAXTW,12500.0,4年前
ANIMAX：【OO-Kun -‪‎無頭騎士異聞錄x2結篇 】,/watch?v=yaMdeuU4Dt8,1593.0,ANIMAXTW,12500.0,4年前
2016 ANIMAX動漫嘉年華 : OO-Kun篇,/watch?v=_Av9KcJ8xPU,800.0,ANIMAXTW,12500.0,4年前
2016 ANIMAX動漫嘉年華人次破萬 !,/watch?v=GBPECJ-B-V0,414.0,ANIMAXTW,12500.0,4年前
ANIMAX 3/1起《尋找失去的未來》每晚22:30 全台首播,/watch?v=GXnPp6sQqXE,8904.0,ANIMAXTW,12500.0,4年前
ANIMAX：【OO-Kun -暗殺教室篇 2】,/watch?v=9fobJHheTNI,4611.0,ANIMAXTW,12500.0,4年前
ANIMAX：【OO-Kun -情人節篇 】,/watch?v=XfFxMbOsi7I,746.0,ANIMAXTW,12500.0,4年前
ANIMAX 2/26起《極黑的布倫希爾德》每晚21:30 全台首播,/watch?v=3aWTly5x5gc,9135.0,ANIMAXTW,12500.0,4年前
ANIMAX：【OO-Kun -新角色預告篇 】,/watch?v=odDZoRtfHQU,1666.0,ANIMAXTW,12500.0,4年前
ANIMAX：【OO-Kun -新年快樂篇 】,/watch?v=hjf5NWsaMdg,1485.0,ANIMAXTW,12500.0,4年前
"【ANIMAX HD】新年""猴""吉利",/watch?v=-XCKr-Fp7Rs,3658.0,ANIMAXTW,12500.0,4年前
【ANIMAX】猴年新春 最強動漫,/watch?v=NW36MtskFm4,1947.0,ANIMAXTW,12500.0,4年前
ANIMAX：【OO-Kun -年糕篇】,/watch?v=sGeWqFBiJ7M,474.0,ANIMAXTW,12500.0,4年前
ANIMAX2/1起《金田一少年事件簿R》 每晚21:30 全台首播,/watch?v=vfbLzSML2dA,12712.0,ANIMAXTW,12500.0,4年前
ANIMAX：【OO-Kun -暗殺教室篇】,/watch?v=DWwlCh-w4K8,9775.0,ANIMAXTW,12500.0,4年前
ANIMAX：【OO-Kun -剪貼篇】,/watch?v=G26sI5giYug,753.0,ANIMAXTW,12500.0,4年前
ANIMAX 1/30起《暗殺教室》每晚20:30全台首播,/watch?v=GLZArZv-Dbk,10848.0,ANIMAXTW,12500.0,4年前
Animenz 鋼琴演奏鉅獻 : 《蒼穹之戰神EXODUS》,/watch?v=eRDfl4JUanY,8085.0,ANIMAXTW,12500.0,4年前
Animenz 鋼琴演奏鉅獻 : 《暗殺教室》,/watch?v=NT1lXl_d44Y,8180.0,ANIMAXTW,12500.0,4年前
ANIMAX HD 《夜晚的小雙俠》1/15起 每晚19:30 全台首播,/watch?v=aZvsW2h7Lps,9490.0,ANIMAXTW,12500.0,4年前
ANIMAX 1/18起《巴哈姆特之怒Genesis》每晚20:30全台首播,/watch?v=kySk8--WPHY,2130.0,ANIMAXTW,12500.0,4年前
ANIMAX：【OO-Kun -聖誕快樂&新年快樂篇】,/watch?v=2bDR7WtPm6U,1382.0,ANIMAXTW,12500.0,4年前
ANIMAX 1/1《獵人劇場版: 最終任務》 台內首播,/watch?v=WfTto3rZGRs,14045.0,ANIMAXTW,12500.0,4年前
“Picture This” － 托特包IN 塑膠袋OUT!,/watch?v=6jCl5mgRu6Y,28794.0,ANIMAXTW,12500.0,4年前
ANIMAX 2016 強檔動漫不間斷,/watch?v=5cNizXealYA,11293.0,ANIMAXTW,12500.0,4年前
ANIMAX：【OO-Kun -罰單篇】,/watch?v=azRcAds2IDA,2572.0,ANIMAXTW,12500.0,4年前
ANIMAX 12/14起《赤髮白雪姬》每晚18:30全台首播,/watch?v=DxLs6G0q1pg,27316.0,ANIMAXTW,12500.0,4年前
【ANIMAX小百科 : 御守】,/watch?v=8WK_J54BKzc,1058.0,ANIMAXTW,12500.0,4年前
ANIMAX：【正義超人Imo篇】,/watch?v=PJ1co0r5XPk,499.0,ANIMAXTW,12500.0,4年前
ANIMAX 12/6起《元氣少女緣結神(第二季)》每晚19:30全台首播,/watch?v=ncIVpN5rKbM,120628.0,ANIMAXTW,12500.0,4年前
ANIMAX：【OO-Kun - 打鐵篇】,/watch?v=Aruj_1rJPog,1797.0,ANIMAXTW,12500.0,4年前
ANIMAX：【OO-Kun - K:RETURN OF KINGS篇】,/watch?v=Ox4qWEiIlBE,2239.0,ANIMAXTW,12500.0,4年前
2015 ANIMAX 動漫嘉年華 12/5 隆重登場！,/watch?v=EMZu0NJz1Mw,1914.0,ANIMAXTW,12500.0,4年前
ANIMAX 《 K:RETURN OF KINGS》第二支預告,/watch?v=vkzgsz1j4uc,7757.0,ANIMAXTW,12500.0,4年前
ANIMAX：【OO-Kun -週邊商品篇】,/watch?v=Qk4fREMIMFE,4114.0,ANIMAXTW,12500.0,4年前
ANIMAX 11/1起《槍彈辯駁》每晚21:30播出,/watch?v=Coori2FYsug,12021.0,ANIMAXTW,12500.0,4年前
ANIMAX：【OO-Kun -Imo 篇】,/watch?v=IQzn60pOM0g,843.0,ANIMAXTW,12500.0,4年前
ANIMAX：【OO-Kun -日本相撲篇】,/watch?v=_TJldOrNjSg,937.0,ANIMAXTW,12500.0,4年前
ANIMAX：【OO-Kun -登陸月球篇】,/watch?v=ULOiUPk6bMs,939.0,ANIMAXTW,12500.0,4年前
ANIMAX 10/7起《我的朋友很少NEXT》每晚21:30 全台首播,/watch?v=zMV3LkGobUA,4777.0,ANIMAXTW,12500.0,4年前
ANIMAX 10/3起《 K:RETURN OF KINGS》與日本同日放送,/watch?v=whxZpGStTvE,7687.0,ANIMAXTW,12500.0,4年前
ANIMAX：【OO-Kun - 新角色預告篇】,/watch?v=fK08Z3VyW5A,1071.0,ANIMAXTW,12500.0,4年前
ANIMAX：【OO-Kun -泡咖啡篇】,/watch?v=5E0mHepep3Q,1580.0,ANIMAXTW,12500.0,4年前
ANIMAX 9/28起《黃金拼圖》每晚18:30 全台首播,/watch?v=mQQNr7AifoM,10072.0,ANIMAXTW,12500.0,4年前
ANIMAX 9/24起《我的朋友很少》每晚21:30 兩季連播,/watch?v=Ou9TPBoyd9A,4952.0,ANIMAXTW,12500.0,4年前
ANIMAX：【OO-Kun -夏日時光篇】,/watch?v=ezdPZsXjzYs,919.0,ANIMAXTW,12500.0,4年前
ANIMAX《OO-Kun公車亭》: 男孩篇,/watch?v=RnmAzi_QpL0,628.0,ANIMAXTW,12500.0,4年前
【OO-Kun觀眾票選大賞】,/watch?v=QXRyAi3aIIA,2336.0,ANIMAXTW,12500.0,4年前
ANIMAX《OO-Kun公車亭》: 女孩篇,/watch?v=ztsZwb42Jmk,1411.0,ANIMAXTW,12500.0,4年前
【ANIMAX ALIVE】送你日本雙人之旅！,/watch?v=rKsW54o664U,689.0,ANIMAXTW,12500.0,4年前
ANIMAX 《魔導少年》聲演釘宮理惠專訪,/watch?v=EIoCgUnJrhc,22496.0,ANIMAXTW,12500.0,4年前
ANIMAX：【OO-Kun - MekakuCity Actors篇】,/watch?v=NpuXxo0pd90,3073.0,ANIMAXTW,12500.0,4年前
ANIMAX 9/12起《魔王勇者》每晚21:30 全台首播,/watch?v=cPETjkU9MKo,7509.0,ANIMAXTW,12500.0,4年前
【ANIMAX小百科 : 日本校園制服 】,/watch?v=2-0K-J85nwE,1163.0,ANIMAXTW,12500.0,5年前
ANIMAX：【OO-Kun 飛機篇】,/watch?v=UOb0OIw80R8,893.0,ANIMAXTW,12500.0,5年前
ANIMAX 8/24起《少年好萊塢 -HOLLY STAGE FOR 49-》每晚22:30台內首播,/watch?v=JKgRT-5ftKU,3102.0,ANIMAXTW,12500.0,5年前
ANIMAX 《OO-Kun公車亭合照上傳》贈獎活動,/watch?v=25FcomHg4f8,688.0,ANIMAXTW,12500.0,5年前
ANIMAX HD 《黑色子彈》8/9起，每晚21:30 全台首播,/watch?v=aDhnrnD88Ek,10101.0,ANIMAXTW,12500.0,5年前
ANIMAX 7/4起 《夏洛特》與日本同日放送,/watch?v=sy1aqh5aJMo,9103.0,ANIMAXTW,12500.0,5年前
ANIMAX：【OO-Kun 玻璃霧氣篇】,/watch?v=rYCmGCiQUts,582.0,ANIMAXTW,12500.0,5年前
ANIMAX：【OO-Kun 日本七夕篇】,/watch?v=m_cdgLp7DwA,849.0,ANIMAXTW,12500.0,5年前
ANIMAX：【OO-Kun 夏日限定冰菓店篇】,/watch?v=hPtJikzVu_Y,1245.0,ANIMAXTW,12500.0,5年前
ANIMAX 動漫滿點 :《獵人(新版)》X《魔導少年(全新集數)》,/watch?v=h3Z00v5XaWs,1807.0,ANIMAXTW,12500.0,5年前
ANIMAX  勁涼強檔 暑期首選,/watch?v=S4eZq6DHUDw,1747.0,ANIMAXTW,12500.0,5年前
ANIMAX 7/17起《魔導少年》全新集數每晚20:30 全台首播,/watch?v=gv63hNx6bzM,3517.0,ANIMAXTW,12500.0,5年前
ANIMAX：【OO-Kun 弁魔士賽希爾篇】,/watch?v=diz70Lf676M,2026.0,ANIMAXTW,12500.0,5年前
ANIMAX 7/4起《夏洛特》每週六午夜12:30 與日本同日放送,/watch?v=c_kb-jxcndY,25843.0,ANIMAXTW,12500.0,5年前
ANIMAX 7/7起 《只有神知道的世界》每晚18:30 三季連播,/watch?v=fKAV_0UCgMk,10292.0,ANIMAXTW,12500.0,5年前
ANIMAX：【OO-Kun 蟲奉行篇】,/watch?v=4VXh0sggAE0,4794.0,ANIMAXTW,12500.0,5年前
ANIMAX：【OO-Kun 美食家篇】,/watch?v=iFVHR0uWq_0,3077.0,ANIMAXTW,12500.0,5年前
ANIMAX：【OO-Kun 影印機篇】,/watch?v=0sKXYH4D2js,3139.0,ANIMAXTW,12500.0,5年前
ANIMAX 6/24起《校園剋星！Refrain》每晚18:30全台首播,/watch?v=PROL0sAFIQA,12154.0,ANIMAXTW,12500.0,5年前
ANIMAX：【OO-Kun 骨牌篇】,/watch?v=EpuiHSLPlsI,5118.0,ANIMAXTW,12500.0,5年前
ANIMAX：【OO-Kun 魔導少年篇】,/watch?v=BpA06g6VeQE,8928.0,ANIMAXTW,12500.0,5年前
ANIMAX 5/26起《獵人(新版)》完整集數每晚7點播出,/watch?v=0P9g7jVCiMc,4929.0,ANIMAXTW,12500.0,5年前
TW Video Wall  Animax Mascot 1505 Form 1,/watch?v=bnq9zCHYmEk,2019.0,ANIMAXTW,12500.0,5年前
ANIMAX：【OO-Kun 草原篇】,/watch?v=DYI4hO8aOTc,2698.0,ANIMAXTW,12500.0,5年前
ANIMAX：【OO-Kun 夏天篇】,/watch?v=UvRkq5QlSrE,1071.0,ANIMAXTW,12500.0,5年前
ANIMAX 5/22起，《魔法戰爭》每晚21:30全台首播,/watch?v=_JSs8Q8YCKA,22141.0,ANIMAXTW,12500.0,5年前
ANIMAX：【OO-Kun 與Miruku的友情篇】,/watch?v=Qtn5mQM394Q,4724.0,ANIMAXTW,12500.0,5年前
ANIMAX：【OO-Kun 泡澡篇】,/watch?v=0b-TxuGMhQM,3257.0,ANIMAXTW,12500.0,5年前
ANIMAX 4/23起，《紙箱戰機 WARS》每晚18:30全台首播,/watch?v=V5BYIlmjyTU,5354.0,ANIMAXTW,12500.0,5年前
ANIMAX 4/13起，《MEKAKUCITY ACTORS》每晚21:30全台首播,/watch?v=qAVimB1DyWU,7671.0,ANIMAXTW,12500.0,5年前
ANIMAX：【OO-Kun 七大罪篇】,/watch?v=5CXFvLiSx9o,16716.0,ANIMAXTW,12500.0,5年前
ANIMAX：【OO-Kun 奇妙的邂逅篇2】,/watch?v=shJ6b6N-tRk,3871.0,ANIMAXTW,12500.0,5年前
ANIMAX 2015動漫新番,/watch?v=1106zRmQD4g,4982.0,ANIMAXTW,12500.0,5年前
Animax 3/27起，《弁魔士賽希爾》每晚22:30全台首播,/watch?v=Yzms2tgHZ0M,3596.0,ANIMAXTW,12500.0,5年前
ANIMAX：【OO-Kun 奇妙的邂逅篇1】,/watch?v=SwvNfwk6fUg,1915.0,ANIMAXTW,12500.0,5年前
Animax 3/25起，《七大罪》每晚19:30全台首播,/watch?v=swwD5doqFQU,189002.0,ANIMAXTW,12500.0,5年前
ANIMAX：【OO-Kun 情人節篇】,/watch?v=w4VS36hX8Ps,2516.0,ANIMAXTW,12500.0,5年前
ANIMAX：【OO-Kun 拜新年篇】,/watch?v=kDiIOLKSC1o,4425.0,ANIMAXTW,12500.0,5年前
ANIMAX：【OO-Kun 玩偶工廠篇】,/watch?v=ECS_EXH9u1k,5383.0,ANIMAXTW,12500.0,5年前
ANIMAX：【OO-Kun 噬血狂襲篇】,/watch?v=5JwtJFM3CZY,11531.0,ANIMAXTW,12500.0,5年前
ANIMAX《Bleach死神》寒假特集,/watch?v=93SRTMJ5sQA,1650.0,ANIMAXTW,12500.0,5年前
ANIMAX 新春動漫不打”羊”,/watch?v=tsrGx0N8mD0,877.0,ANIMAXTW,12500.0,5年前
【ANIMAX 日本文化祭】活動花絮,/watch?v=AEx8vZi7jSQ,870.0,ANIMAXTW,12500.0,5年前
Animax 1/19起，《獵人(新版)》每晚19:30全台首播,/watch?v=3r_IdQY-8uA,14514.0,ANIMAXTW,12500.0,5年前
Animax 1/3起，《機巧少女不會受傷》每晚20:30全台首播,/watch?v=eS3ODPg2J4k,9345.0,ANIMAXTW,12500.0,5年前
Animax 1/10 日本文化祭,/watch?v=pR1TN4NViEI,3331.0,ANIMAXTW,12500.0,5年前
《金田一少年事件簿》_金田一篇,/watch?v=9d7wOb0ouBA,5140.0,ANIMAXTW,12500.0,5年前
Animax 12/26起，《金田一少年事件簿》每晚21:00 經典再現,/watch?v=0OZHRY1_mTE,4672.0,ANIMAXTW,12500.0,5年前
Animax 12/21起，《亂馬½》每晚22:00 經典再現,/watch?v=CLKYYqYxzmw,3513.0,ANIMAXTW,12500.0,5年前
Animax 12/10起，《東京闇鴉》每晚20:30全台首播,/watch?v=zieqo0Vfjsk,7984.0,ANIMAXTW,12500.0,5年前
Animax 12/13起，《惡魔的謎語》每晚21:30全台首播,/watch?v=3cIUBfsyoC4,11753.0,ANIMAXTW,12500.0,5年前
Animax 11/24起，《蟲奉行》每晚22:30全台首播,/watch?v=CwsGy0ODuQQ,8306.0,ANIMAXTW,12500.0,5年前
Animax 10/26起，《青春紀行》每晚21:30全台首播,/watch?v=zwzCUil58X0,6946.0,ANIMAXTW,12500.0,5年前
Animax 10/9起，《寄生獸》每週四10PM 與日本同日放送,/watch?v=hHZFa7JdN-I,12197.0,ANIMAXTW,12500.0,5年前
Animax 10/17起，《蒼藍鋼鐵戰艦》每晚22:30全台首播,/watch?v=5Ce8pDK4niA,33269.0,ANIMAXTW,12500.0,5年前
Animax 10/17起，《琴浦小姐》每晚18:30全台首播,/watch?v=DZ7K7A1XMfE,4460.0,ANIMAXTW,12500.0,5年前
Animax：【OO-Kun 魔導少年篇】,/watch?v=iTPpLNqt3Vw,13690.0,ANIMAXTW,12500.0,5年前
Animax：【OO-Kun 愛看漫畫篇】,/watch?v=oognaBq-d9U,5500.0,ANIMAXTW,12500.0,5年前
Animax：【OO-Kun 萬聖節篇】,/watch?v=YjlyLJ2u-Sc,6665.0,ANIMAXTW,12500.0,5年前
Animax：【OO-Kun 快遞車篇】,/watch?v=Z7Ka4L318Ck,10486.0,ANIMAXTW,12500.0,5年前
Animax 9/22起，《花牌情緣2》每晚18:30全台首播,/watch?v=dEQ0LiYzP-Y,5736.0,ANIMAXTW,12500.0,5年前
ANIMAX全新驚喜：吉祥物OO-Kun登場!,/watch?v=0hDEuRYpBXo,7486.0,ANIMAXTW,12500.0,5年前
ANIMAX全新驚喜：【鯊魚篇】,/watch?v=_GtDXybWu-s,4974.0,ANIMAXTW,12500.0,5年前
ANIMAX全新驚喜：【躲藏篇】,/watch?v=YVNMkp2miBQ,3203.0,ANIMAXTW,12500.0,6年前
ANIMAX全新驚喜：【蛋糕篇】,/watch?v=uy3P-h1YrUU,5432.0,ANIMAXTW,12500.0,6年前
Animax 4/11起 每晚6:30 藍龍：天界的七龍 Blue Dragon Trials Of The Seven Shadows,/watch?v=K-5yoMuivNM,2935.0,ANIMAXTW,12500.0,6年前
4/5 Animax Musix 2013 _ 下午 4點全台首播,/watch?v=1AzSdCUAlk4,3406.0,ANIMAXTW,12500.0,6年前
4/5 Animax Musix 2013 _ 下午 4點全台首播,/watch?v=LNcwno6cAf4,4779.0,ANIMAXTW,12500.0,6年前
Animax 4/16起，每晚8:00 驚爆遊戲 播映,/watch?v=__uSF5NaPHc,5980.0,ANIMAXTW,12500.0,6年前
Animax 4/22起，每晚7:00 元氣少女緣結神 播映,/watch?v=0jwgGNbj_DI,5551.0,ANIMAXTW,12500.0,6年前
Animax 4/9起，每晚7:00 核爆末世錄 播映,/watch?v=KTCEvzOwppA,5406.0,ANIMAXTW,12500.0,6年前
Animax 4/26起，每晚9:00 BLEACH死神 第4、5季 播映,/watch?v=f6Bl4lgFCkA,5757.0,ANIMAXTW,12500.0,6年前
Animax 3/25起，每晚8:00 罪惡王冠 播映,/watch?v=FMRWAOUNGMw,6643.0,ANIMAXTW,12500.0,6年前
Animax 3/5起，每晚6:00 一起一起這裡那裡 播映,/watch?v=VZwAgRyebrA,6054.0,ANIMAXTW,12500.0,6年前
Animax 3/5起，每晚9:00 結界師 播映,/watch?v=_vqfmoS-kWw,3610.0,ANIMAXTW,12500.0,6年前
Animax 2/20起，每晚9:30 播映 鄰座的怪同學 My Little Monster,/watch?v=G-S-aVzLWfg,4322.0,ANIMAXTW,12500.0,6年前
Animax 學園救援團 Sket Dance S1 每晚8:00播映,/watch?v=r9rBM19gp00,4721.0,ANIMAXTW,12500.0,6年前
Animax 每週六 上午11:30 卡片鬥爭!! 先導者-王牌連接篇,/watch?v=0PbWey6uJMY,3585.0,ANIMAXTW,12500.0,6年前
Animax 3/3 每晚6:30校園剋星 Little Busters! 全台首播,/watch?v=OSBeL0bDGfQ,18111.0,ANIMAXTW,12500.0,6年前
Animax 閃亮的塔科特 Star Driver 2/6每晚6:30,/watch?v=vk-T6LbyJFE,4845.0,ANIMAXTW,12500.0,6年前
Animax 閃亮的塔科特 Star Driver 2/6每晚6:30_V2,/watch?v=vHEa0RJWPXc,8041.0,ANIMAXTW,12500.0,6年前
Animax 2/14學園救援團 每晚8點 播映 V1,/watch?v=RAYs8BKv1zg,1703.0,ANIMAXTW,12500.0,6年前
Animax 2/14學園救援團 每晚8點 播映,/watch?v=9wrMrNr8v00,7820.0,ANIMAXTW,12500.0,6年前
Animax 2/12犬夜叉 每晚10點 播映,/watch?v=TCVW-KR43sM,7012.0,ANIMAXTW,12500.0,6年前
2014 Animax 動漫嘉年華 Kimberly與你相見,/watch?v=YGYSHNUi3z0,667.0,ANIMAXTW,12500.0,6年前
Animax Kimberly 陪你過新年,/watch?v=H0T_U5YHwjA,395.0,ANIMAXTW,12500.0,6年前
Animax 1/25起 旋風管家 Cuties! 每晚6:30首播,/watch?v=1WL5KbZw9cg,5746.0,ANIMAXTW,12500.0,6年前
Animax 1/15起 Bleach死神 第五季 首播,/watch?v=2mRNPhZth3k,15298.0,ANIMAXTW,12500.0,6年前
2014/1/18 Animax 動漫嘉年華,/watch?v=dF4q1QHSobY,1695.0,ANIMAXTW,12500.0,6年前
Animax Musix 2014_喜多村英梨,/watch?v=Rye0z4dQiY4,3407.0,ANIMAXTW,12500.0,6年前
Animax 宇宙浪子 Space dandy 2014/1/5起每週日晚上10:00 與日本同步播出,/watch?v=No4Oy2ROt7E,6789.0,ANIMAXTW,12500.0,6年前
Animax Musix 2014_ Mayn,/watch?v=JQM8WhAPMgQ,1799.0,ANIMAXTW,12500.0,6年前
Animax Musix 2014_ fripSide,/watch?v=P383hr7LfF8,5545.0,ANIMAXTW,12500.0,6年前
Animax Musix 2014_ 三森鈴子,/watch?v=F4oioHLCHqU,3315.0,ANIMAXTW,12500.0,6年前
Animax 驚爆遊戲 Btooom 2014/1/5起每週日晚上10:30,/watch?v=yRz3qTFL3Sg,16948.0,ANIMAXTW,12500.0,6年前
Animax Musix 2014_ Angela,/watch?v=6ekvyW17iIY,2059.0,ANIMAXTW,12500.0,6年前
Animax Bleach死神 第五季 2014/1/15起 晚上9:30,/watch?v=K5iCyahi0rg,7693.0,ANIMAXTW,12500.0,6年前
Animax 2014/1/14起  Hunter x Hunter (全新集數) 每晚7:30,/watch?v=sRd3HqTvjAw,5590.0,ANIMAXTW,12500.0,6年前
Animax 2014/1/8起 魔導少年 (全新集數) 每晚8:30,/watch?v=WpA2vX9FDQc,5188.0,ANIMAXTW,12500.0,6年前
Animax 2014 Xmas Holiday,/watch?v=-AeZqI3xThg,8424.0,ANIMAXTW,12500.0,6年前
12/7起 每晚 6:30紙箱戰機W,/watch?v=8_clE9Xjbbs,1516.0,ANIMAXTW,12500.0,6年前
Animax_12/12 魔導少年EP101-151,/watch?v=7KFniLv9BKM,1451.0,ANIMAXTW,12500.0,6年前
Animax_12/10 中二病也想談戀愛,/watch?v=DoQdBuPDa78,5673.0,ANIMAXTW,12500.0,6年前
Animax_12/10 中二病也想談戀愛,/watch?v=LlIl12AiaTY,6756.0,ANIMAXTW,12500.0,6年前
Animax_12/7起每晚6:30 紙箱戰士,/watch?v=yrS4hbplPCo,879.0,ANIMAXTW,12500.0,6年前
Animax10/17 每晚10點 魔法老師2 Mahou Sensei Negima 2,/watch?v=tofCirYhI9A,3066.0,ANIMAXTW,12500.0,6年前
Animax11/24 每晚6點 愛殺寶貝 Kill Me Baby (V2),/watch?v=2bPc_lH2sZs,6972.0,ANIMAXTW,12500.0,6年前
Animax11/24 每晚6點 愛殺寶貝 Kill Me Baby (V1),/watch?v=vzEcf0Ur6qU,6974.0,ANIMAXTW,12500.0,6年前
Animax11/14 每晚10點 地獄少女三鼎 Hell Girl Three Vessels (V2),/watch?v=q9kS3X9A6kQ,10558.0,ANIMAXTW,12500.0,6年前
Animax11/14 每晚10點 地獄少女三鼎 Hell Girl Three Vessels (Mid Season),/watch?v=NEKEeFb0UWk,74502.0,ANIMAXTW,12500.0,6年前
Animax11/14 每晚10點 地獄少女三鼎 Hell Girl Three Vessels(Teaser),/watch?v=HJg1epb8Z30,7084.0,ANIMAXTW,12500.0,6年前
Animax11/14 每晚10點 地獄少女三鼎  Hell Girl Three Vessels,/watch?v=vpbPnMMaFyI,14583.0,ANIMAXTW,12500.0,6年前
Animax11/7 每晚7點 妖怪少爺Nura Rise of the Yokai Clan,/watch?v=WkBe9o9VmcM,1567.0,ANIMAXTW,12500.0,6年前
Animax11/7 每晚9點 幽遊白書Yu Yu Hakusho,/watch?v=4p7axO4K6Tw,2660.0,ANIMAXTW,12500.0,6年前
Animax Coppelion 核爆末世錄 10/2起 看首播奪好禮,/watch?v=9Lp8FCczNE0,1658.0,ANIMAXTW,12500.0,6年前
Animax 動漫滿點 每晚7~8點,/watch?v=fvp3xOZ058E,7562.0,ANIMAXTW,12500.0,6年前
Animax Coppelion 核爆末世錄 10/2起 台日同步播出(首播),/watch?v=tqmPqhVpJvk,5543.0,ANIMAXTW,12500.0,6年前
Animax Coppelion 核爆末世錄 10/2起 台日同步播出,/watch?v=coU4EnKHuJM,16456.0,ANIMAXTW,12500.0,6年前
Animax10 4起 每晚6點 藍龍,/watch?v=x4XAjPmsOI0,1425.0,ANIMAXTW,12500.0,6年前
Animax10 18起 每晚7點 花牌情緣,/watch?v=uh352POC1zo,3436.0,ANIMAXTW,12500.0,6年前
Animax10 05起 每晚7點 元氣少女緣結神,/watch?v=Noi_LvGL6a8,3234.0,ANIMAXTW,12500.0,6年前
Animax10 04 每晚10點 一起一起這裡那裡Place to Place  V2,/watch?v=L44jBCLljbE,11527.0,ANIMAXTW,12500.0,6年前
Animax10 04 每晚10點 一起一起這裡那裡Place to Place,/watch?v=JgchlTE8H_k,6533.0,ANIMAXTW,12500.0,6年前
ANIMAX 9/30 死神4 每晚8 點 Bleach S4,/watch?v=QdKJjsDYCAs,2975.0,ANIMAXTW,12500.0,7年前
ANIMAX 9/20起 涼宮春日的憂鬱 2,/watch?v=hzDYtCaCzjk,1853.0,ANIMAXTW,12500.0,7年前
ANIMAX 9/7起  K On,/watch?v=RKsP3Am3OWM,3046.0,ANIMAXTW,12500.0,7年前
ANIMAX 9/7起 聖靈家族 Arcana Famiglia,/watch?v=nbxuDuk_yNY,3978.0,ANIMAXTW,12500.0,7年前
ANIMAX 9/7起 聖靈家族 Arcana Famiglia,/watch?v=cOHMX-rGx7c,4925.0,ANIMAXTW,12500.0,7年前
ANIMAX 9/1起 Bleach 死神III,/watch?v=0sIx8IcdsM4,9258.0,ANIMAXTW,12500.0,7年前
PG CS 24 P0139883 Guilty Crown & Accel World Contest,/watch?v=A2Jacid7dzc,997.0,ANIMAXTW,12500.0,7年前
ANIMAX 2013/8/4起 妖怪少爺千年魔京,/watch?v=uVdLkn7WkXA,2607.0,ANIMAXTW,12500.0,7年前
2013 Animax Daisuki動漫之最 __Hunter,/watch?v=6MPNbQJYBUg,1787.0,ANIMAXTW,12500.0,7年前
2013 Animax Daisuki動漫之最 _MAYN,/watch?v=2Sb0tNpAjXQ,2556.0,ANIMAXTW,12500.0,7年前
2013 Animax Daisuki動漫之最 _GRANRODEO_TW,/watch?v=5NzzkoNrg9E,1914.0,ANIMAXTW,12500.0,7年前
2013 Animax Daisuki 動漫之最_FAYLAN_TW,/watch?v=IHODfGcOfWY,4054.0,ANIMAXTW,12500.0,7年前
2013 Animax Daisuk動漫之最i _ AYAKA_OHASHI_TW,/watch?v=IohVEdIS7dE,1395.0,ANIMAXTW,12500.0,7年前
2013 Animax Daisuk動漫之最i _ Fairy tail,/watch?v=W-zET_SAEXg,1319.0,ANIMAXTW,12500.0,7年前
ANIMAX 8/30 艾蕾卡7 AO Eureka Seven AO,/watch?v=cRFWavbzQoM,2053.0,ANIMAXTW,12500.0,7年前
ANIMAX 2013/8/8 罪惡王冠 Guilty Crown  台灣首播,/watch?v=ws5yeZVzlz8,14695.0,ANIMAXTW,12500.0,7年前
ANIMAX 2013/8/8 加速世界 Accel World 台灣首播,/watch?v=P2ay4sKS1T0,10924.0,ANIMAXTW,12500.0,7年前
ANIMAX 2013/8/8 加速世界 Accel World 台灣首播,/watch?v=sA_zTHh04Sg,5513.0,ANIMAXTW,12500.0,7年前
ANIMAX 2013/8/8 加速世界 Accel World  台灣首播,/watch?v=G0dNTRxKdOk,5009.0,ANIMAXTW,12500.0,7年前
ANIMAX 2013 夏季 動漫之最,/watch?v=me1o8qVWZ_M,13795.0,ANIMAXTW,12500.0,7年前
ANIMAX 7/22起 妖怪少爺 千年魔京  每晚9點,/watch?v=W8EN7tVGWl0,3822.0,ANIMAXTW,12500.0,7年前
ANIMAX 7/14起 死神Bleach 第二季  每晚10點,/watch?v=zGYLPKlgqt4,21595.0,ANIMAXTW,12500.0,7年前
Animax 夏祭動漫之最60秒熱血篇,/watch?v=f7G0keTC0Go,7278.0,ANIMAXTW,12500.0,7年前
獵人(新版)最新集數  7/14 起每晚7:30 等你贏大獎!,/watch?v=T5QiFg0SsAA,42916.0,ANIMAXTW,12500.0,7年前
ANIMAX 7/13起 學園救援團  第二季 SKET DANCE S2 每晚八點半,/watch?v=5G0ujlBFDJw,14587.0,ANIMAXTW,12500.0,7年前
ANIMAX 7/19起 魔導少年 第三季 Fairy Tail S3 每晚六點半,/watch?v=rSnnpQSIrVw,51763.0,ANIMAXTW,12500.0,7年前
ANIMAX 7/19起 魔導少年 第三季 Fairy Tail S3 每晚六點半,/watch?v=vfSfJp5sFjE,6874.0,ANIMAXTW,12500.0,7年前
ANIMAX  7/1起 天天動漫大放送  一起瘋暑假,/watch?v=8mTLD0XJTrU,6744.0,ANIMAXTW,12500.0,7年前
Animax  7/1起 元氣少女緣結神  Kamisama Kiss 每晚十點半 全台首播,/watch?v=szhFQuRSTvw,11919.0,ANIMAXTW,12500.0,7年前
ANIMAX 動漫七八點 歡樂滿點,/watch?v=JxQ-qXj_mnQ,2150.0,ANIMAXTW,12500.0,7年前
Animax  旋風管家-雙眼只有你  6/3起 每週一至五 晚上6:30,/watch?v=IZh_4lXHPdo,14611.0,ANIMAXTW,12500.0,7年前
Animax 大好き  按讚回答問題就有機會得到超酷的動漫商品福袋以及智慧型手機等大獎！,/watch?v=qIZ3sx6q_vc,1613.0,ANIMAXTW,12500.0,7年前
ANIMAX 大好き 按讚回答問題就有機會贏得超級好禮!,/watch?v=yjpMM3dBhhI,305.0,ANIMAXTW,12500.0,7年前
Animax  鄰座的怪同學  My Little Monster  每週一至五晚間10:30,/watch?v=eJyt2QdOvbg,18807.0,ANIMAXTW,12500.0,7年前
Animax 鄰座的怪同學 My Little Monster  自6/7起，每週一至五晚間10:30全台首播,/watch?v=UZIOfKFP8Ww,2012.0,ANIMAXTW,12500.0,7年前
Hunter X Hunter獵人  第一季 Hunter X Hunter S1 自6/13起，每週一至五晚間7:00  一次播出兩集!,/watch?v=kV83ZHCZ1Bo,3012.0,ANIMAXTW,12500.0,7年前
魔導少年第二季  Fairy Tail S2  自6/19起，每週一至五晚間6:00,/watch?v=0qc4u1cC3vM,9241.0,ANIMAXTW,12500.0,7年前
學園救援團 第一季  Sket Dance S1   自6/12起，每週一至五晚間8:00,/watch?v=XwNC36kbmB4,11588.0,ANIMAXTW,12500.0,7年前
收看Animax《卡片鬥爭!! 先導者：亞洲巡迴篇》 輕鬆拿好禮,/watch?v=k8vKZ3joPjk,2133.0,ANIMAXTW,12500.0,7年前
惡魔奶爸  BEELZEBUB  每週一至五晚間7:00,/watch?v=CDl-NopKJ4g,4658.0,ANIMAXTW,12500.0,7年前
Animax  旋風管家-雙眼只有你   每週一至五晚間6:00全台首播,/watch?v=7jvwzTCtzrc,16001.0,ANIMAXTW,12500.0,7年前
動漫 七八點， 歡樂 最高點！,/watch?v=HslzDhjUDgk,7124.0,ANIMAXTW,12500.0,7年前
24小時動畫不間斷，只在Animax！,/watch?v=_NccwhzqOiM,18631.0,ANIMAXTW,12500.0,7年前
Animax  旋風管家第二季 5/15 起，每週一至五晚間6:00  一次播出兩集!,/watch?v=C7sW8RR0NVw,9313.0,ANIMAXTW,12500.0,7年前
Animax 薄櫻鬼 HAKUOKI  自5/1起每週一至五晚間10:30日語原音首播,/watch?v=lxSrB7uOZrw,3359.0,ANIMAXTW,12500.0,7年前
笨蛋，測驗，召喚獸 S1+OVA+S2 BAKA AND TEST -- SUMMON THE BEASTS S1+OVA+S2  自5/3起每週一至五晚間8:00播出,/watch?v=rst3xwVD0bw,6866.0,ANIMAXTW,12500.0,7年前
卡片鬥爭!! 先導者　全新第二季  CARDFIGHT!! VANGUARD: ASIA CIRCUIT,/watch?v=oG3TkQdDw6M,3952.0,ANIMAXTW,12500.0,7年前
惡魔奶爸　第一季+第二季 5/2起，周一至周五 晚上7點 爆笑登場,/watch?v=-cegniRxBV8,26045.0,ANIMAXTW,12500.0,7年前
HUNTER×HUNTER 獵人劇場版-緋色幻影,/watch?v=ofJL821Pjfc,124343.0,ANIMAXTW,12500.0,7年前
Animax 紙箱戰機W Little Battlers eXperience W (版本二),/watch?v=lPVjWQBENtU,4817.0,ANIMAXTW,12500.0,7年前
Animax 紙箱戰機W Little Battlers eXperience W (版本一),/watch?v=TXFZ-CUfxuY,6960.0,ANIMAXTW,12500.0,7年前
Animax 火影忍者疾風傳+花牌情緣,/watch?v=OIEke6uBczc,11172.0,ANIMAXTW,12500.0,7年前
Animax Bleach死神IV,/watch?v=wmpBq22cG3Q,8974.0,ANIMAXTW,12500.0,7年前
Animax 灼眼的夏娜III Shakugan no Shana III Final,/watch?v=sQYIbrLHafo,3833.0,ANIMAXTW,12500.0,7年前
